{"cameraMode":{"drawMode":0,"name":"Shaded","section":"Shading Mode"},"sceneLighting":true,"audioPlay":false,"sceneViewState":{"showFog":true,"showMaterialUpdate":false,"showSkybox":true,"showFlares":true,"showImageEffects":true,"showParticleSystems":true},"in2DMode":false,"pivot":{"x":-1.3018038272857667,"y":2.3553152084350588,"z":0.6674782633781433},"rotation":{"x":-0.06768078356981278,"y":0.21146869659423829,"z":-0.01468055322766304,"w":-0.9749395847320557},"size":15.987117767333985,"orthographic":false}