{"cameraMode":{"drawMode":0,"name":"Shaded","section":"Shading Mode"},"sceneLighting":true,"audioPlay":false,"sceneViewState":{"showFog":true,"showMaterialUpdate":false,"showSkybox":true,"showFlares":true,"showImageEffects":true,"showParticleSystems":true},"in2DMode":false,"pivot":{"x":0.4700883626937866,"y":1.238959550857544,"z":-6.391485214233398},"rotation":{"x":0.09845913201570511,"y":-0.0382072813808918,"z":-0.00378678971901536,"w":-0.9944148063659668},"size":12.80407428741455,"orthographic":false}